id,firstname,lastname,age,gender,location,avatar,deleted_at,created_at,updated_at
0f23c20c-ab9f-4b46-816f-516d21d62a7c,A,,,,,,,,
27a05bd6-c450-4552-bd1a-69900af64c7e,def,,,,,,,,
4f73a527-e85c-4825-9d82-2a5ceba8de8f,jkl,,,,,,,,
5ed06ddb-7e54-4ba8-b052-a5ed616c1da1,pqr,,,,,,,,
616151eb-880a-444e-80b9-713abb73834f,ghi,,,,,,,,
66efb641-fb0f-4e6f-bf38-9539f69695a3,stu,,,,,,,,
73e33ca5-ccc7-4985-8f0c-c4ecb0a51cf2,z,,,,,,,,
a112ad04-d7e3-416e-aac3-3e389b1098ad,abc,,,,,,,,
ce5aff03-4243-4671-b8bc-a2ea2d4a267a,vw,,,,,,,,
d7ab57dd-bc9b-4d0f-8c98-18eec53acd83,xy,,,,,,,,
e5b486b4-e688-45ef-bc76-16fa7073e5e0,mno,,,,,,,,
eab69feb-ae6c-4b82-91f8-e0d64bf9c900,B,,,,,,,,